资源id,怪物类型,角色名称,资源路径,缩放系数,生命值,攻击力,防御力,攻击速度,移动速度,闪避率,暴击率,暴击伤害加成系数,奖励金币数,血包掉落率,宝箱掉落率
string,string,string,string,number,number,number,number,number,number,number,number,number,number,number,number
ID,type,name,resName,scale,hp,attackPower,defensePower,attackSpeed,moveSpeed,dodgeRate,criticalHitRate,criticalHitDamage,goldNum,heartDropRate,treasureboxDropRate
10001,monster,monster01,GreyGuy,,,,,,,,,,,,
10002,monster,monster02,2_TROLL,,,,,,,,,,,,
10003,monster,monster03,3_TROLL,,,,,,,,,,,,
10004,monster,monster04,Fallen_Angels_1,,,,,,,,,,,,
10005,monster,monster05,Fallen_Angels_2,,,,,,,,,,,,
10006,monster,monster06,Fallen_Angels_3,,,,,,,,,,,,
10007,monster,monster07,Goblin,,,,,,,,,,,,
10008,monster,monster08,Golem_1,,,,,,,,,,,,
10009,monster,monster09,Golem_2,,,,,,,,,,,,
10010,monster,monster10,Golem_3,,,,,,,,,,,,
10011,monster,monster11,Minotaur_01,,,,,,,,,,,,
10012,monster,monster12,Minotaur_02,,,,,,,,,,,,
10013,monster,monster13,Minotaur_03,,,,,,,,,,,,
10014,monster,monster14,Ogre,,,,,,,,,,,,
10015,monster,monster15,Orc,,,,,,,,,,,,
10016,monster,monster16,PXMinotaur_1,,,,,,,,,,,,
10017,monster,monster17,PXMinotaur_2,,,,,,,,,,,,
10018,monster,monster18,PXMinotaur_3,,,,,,,,,,,,
10019,monster,monster19,Reaper_Man_1,,,,,,,,,,,,
10020,monster,monster20,Reaper_Man_2,,,,,,,,,,,,
10021,monster,monster21,Reaper_Man_3,,,,,,,,,,,,
10022,monster,monster22,ROLE_1,,,,,,,,,,,,
10023,monster,monster23,ROLE_2,,,,,,,,,,,,
10024,monster,monster24,ROLE_3,,,,,,,,,,,,
10025,monster,monster25,Satyr_01,,,,,,,,,,,,
10026,monster,monster26,Satyr_02,,,,,,,,,,,,
10027,monster,monster27,Satyr_03,,,,,,,,,,,,
10028,monster,monster28,Wraith_01,,,,,,,,,,,,
10029,monster,monster29,Wraith_02,,,,,,,,,,,,
10030,monster,monster30,Wraith_03,,,,,,,,,,,,
